{"LKnee": {"0": 0, "1": 0, "2": 0, "3": 0, "4": 0, "5": 0, "6": 0, "7": 0, "8": 0, "9": 0, "10": 0, "11": 0, "12": 0}, "RKnee": {"0": 0, "1": 0, "2": 0, "3": 0, "4": 0, "5": 0, "6": 0, "7": 0, "8": 0, "9": 0, "10": 0, "11": 0, "12": 0}, "LHip": {"0": 0, "1": 0, "2": 0, "3": 100.97817156621635, "4": 0, "5": 134.85577471302835, "6": 0, "7": 134.25871440081121, "8": 0, "9": 135.00726999927787, "10": 0, "11": 145.52668869492805, "12": 36.00096234883499}, "RHip": {"0": 0, "1": 0, "2": 0, "3": 123.90672381583738, "4": 127.94694804146602, "5": 0, "6": 0, "7": 0, "8": 0, "9": 0, "10": 0, "11": 0, "12": 0}, "LShoulder": {"0": 106.42924410045018, "1": 175.52660405832054, "2": 169.79836763532586, "3": 96.46520671989627, "4": 86.08897849397478, "5": 118.24466075247308, "6": 77.57494165254298, "7": 84.99669286289354, "8": 60.278553313843126, "9": 124.58820344457486, "10": 80.94477960706028, "11": 139.8334000863735, "12": 83.32477430160641}, "RShoulder": {"0": 110.81989895704326, "1": 113.6235941504529, "2": 115.24488449542093, "3": 105.94063717627583, "4": 111.63452188136762, "5": 102.54706201744139, "6": 89.91137460333582, "7": 125.70423368892324, "8": 102.11967372349073, "9": 95.96978850383273, "10": 105.27679284927274, "11": 103.93266488145959, "12": 117.62475238114851}, "LElbow": {"0": 0, "1": 0, "2": 175.71164522710018, "3": 132.12048138589927, "4": 83.0871504457568, "5": 0, "6": 40.08635548270039, "7": 47.14572390202245, "8": 43.74142341260179, "9": 9.850692189824017, "10": 17.276389594627016, "11": 23.173065086848503, "12": 0}, "RElbow": {"0": 120.011731216041, "1": 109.6268489260263, "2": 105.62360011942377, "3": 128.8380061604228, "4": 120.40766159758961, "5": 92.34634001267065, "6": 120.48571565592093, "7": 108.10723172506584, "8": 172.94650700797408, "9": 95.92067602754194, "10": 143.80457462200795, "11": 84.87933526781374, "12": 24.595211353311605}}